path_images,predictions
image (1164).JPG,6
image (1000).JPG,36
image (162).jpg,31
image (2088).JPG,6
image (5345).JPG,36
image (129).jpg,29
image (1283).JPG,6
image (2324).JPG,2
image (234).JPG,2
image (350).JPG,29
image (1356).jpg,2
image (198).JPG,6
image (768).JPG,6
image (3546).JPG,29
image (1517).JPG,6
image (1473).JPG,6
image (4443).JPG,29
image (475).jpg,4
image (647).JPG,6
image (723).JPG,2
image (997).JPG,4
image (4408).JPG,2
image (926).jpg,36
image (2887).JPG,17
image (46).JPG,6
image (3971).JPG,2
image (792).jpg,29
image (2633).JPG,36
image (1844).JPG,36
image (3469).JPG,26
image (1438).JPG,2
image (1619).JPG,26
image (2576).JPG,36
image (4629).JPG,29
image (502).JPG,2
image (466).JPG,6
image (2691).JPG,36
image (730).jpg,17
image (1652).JPG,6
image (2941).JPG,17
image (1736).JPG,29
image (549).JPG,2
image (935).JPG,17
image (851).JPG,2
image (781).JPG,36
image (171).JPG,26
image (2105).JPG,29
image (296).JPG,4
image (2386).JPG,2
image (4211).JPG,17
image (1221).JPG,6
image (5283).JPG,4
image (1345).JPG,6
image (1707).JPG,2
image (2970).JPG,2
image (3756).JPG,6
image (1663).JPG,4
image (3632).JPG,2
image (2468).JPG,2
image (4737).JPG,6
image (3886).JPG,6
image (860).JPG,6
image (578).JPG,10
image (904).JPG,6
image (1584).JPG,29
image (2547).JPG,16
image (1628).JPG,2
image (3679).JPG,6
image (457).JPG,36
image (533).JPG,6
image (1699).jpg,17
image (1374).JPG,17
image (3241).JPG,10
image (1210).JPG,6
image (3089).JPG,2
image (140).JPG,36
image (388).JPG,4
image (1022).jpg,6
image (5031).JPG,26
image (3).JPG,17
image (1093).JPG,17
image (2298).JPG,6
image (5155).JPG,6
image (339).jpg,6
image (2050).JPG,6
image (2271).JPG,2
image (2315).JPG,29
image (361).JPG,2
image (205).JPG,6
image (1031).JPG,36
image (1155).JPG,6
image (5093).JPG,10
image (712).JPG,2
image (4795).JPG,6
image (3458).JPG,6
image (2602).JPG,2
image (1409).JPG,4
image (2766).JPG,6
image (77).JPG,36
image (1911).JPG,17
image (4921).JPG,6
image (4845).JPG,6
image (759).JPG,17
image (591).JPG,4
image (889).JPG,6
image (4516).JPG,6
image (520).jpg,29
image (2649).JPG,26
image (3413).JPG,2
image (1442).JPG,6
image (3577).JPG,36
image (1526).JPG,6
image (5018).JPG,2
image (4326).JPG,16
image (1316).JPG,29
image (3347).JPG,6
image (1272).JPG,29
image (169).JPG,6
image (2156).JPG,36
image (1239).JPG,2
image (193).jpg,6
image (2032).JPG,2
image (1195).JPG,2
image (1124).jpg,6
image (1040).jpg,4
image (122).JPG,29
image (802).JPG,2
image (966).JPG,2
image (4631).JPG,36
image (1765).JPG,6
image (4885).JPG,2
image (2912).JPG,29
image (2876).JPG,6
image (1601).JPG,6
image (799).JPG,6
image (849).JPG,6
image (435).JPG,2
image (551).JPG,26
image (484).jpg,29
image (2959).JPG,2
image (2441).JPG,17
image (1482).JPG,17
image (728).jpg,2
image (4827).JPG,29
image (2660).JPG,6
image (1973).JPG,6
image (4693).JPG,2
image (15).JPG,17
image (770).JPG,16
image (614).JPG,6
image (3471).JPG,29
image (1544).JPG,6
image (1938).JPG,2
image (542).jpg,6
image (4908).JPG,6
image (2587).JPG,10
image (426).jpg,10
image (303).JPG,36
image (267).JPG,6
image (4028).JPG,36
image (5272).JPG,2
image (1018).JPG,6
image (180).JPG,6
image (348).JPG,2
image (2258).JPG,36
image (1053).JPG,16
image (1137).JPG,2
image (131).jpg,4
image (5239).JPG,36
image (4421).JPG,6
image (417).jpg,10
image (3688).JPG,6
image (4939).JPG,4
image (1575).JPG,2
image (3524).JPG,36
image (1411).JPG,2
image (1942).JPG,2
image (24).JPG,2
image (694).jpg,4
image (3877).JPG,6
image (2651).JPG,6
image (1826).JPG,29
image (2499).JPG,4
image (944).jpg,4
image (1692).JPG,2
image (4972).JPG,6
image (891).JPG,17
image (589).JPG,2
image (625).JPG,6
image (95).jpg,2
image (741).JPG,2
image (379).JPG,6
image (1106).JPG,29
image (3033).JPG,6
image (1062).JPG,36
image (256).JPG,4
image (8).jpg,4
image (332).JPG,29
image (2346).JPG,6
image (1029).JPG,6
image (1385).JPG,29
image (5243).JPG,16
image (5106).JPG,2
image (3091).JPG,16
image (4238).JPG,6
image (1208).JPG,6
image (4194).JPG,4
image (2003).JPG,6
image (2167).JPG,29
image (113).JPG,29
image (1243).JPG,2
image (2048).JPG,2
image (1327).JPG,2
image (4317).JPG,2
image (2280).JPG,36
image (321).jpg,6
image (245).jpg,17
image (390).JPG,6
image (158).JPG,36
image (560).JPG,2
image (878).JPG,4
image (404).JPG,6
image (37).jpg,16
image (687).JPG,6
image (957).JPG,16
image (833).JPG,4
image (3661).JPG,2
image (1754).JPG,29
image (1884).JPG,36
image (636).jpg,17
image (4600).JPG,26
image (86).JPG,2
image (453).JPG,36
image (537).JPG,17
image (1580).JPG,16
image (3719).JPG,6
image (1748).JPG,4
image (864).JPG,4
image (418).JPG,29
image (900).JPG,2
image (2508).JPG,17
image (3636).JPG,6
image (1667).JPG,36
image (4657).JPG,2
image (4733).JPG,31
image (7).JPG,2
image (1097).JPG,6
image (2130).JPG,6
image (5399).JPG,26
image (144).JPG,4
image (1370).JPG,16
image (3321).JPG,6
image (1214).JPG,36
image (3245).JPG,2
image (4340).JPG,6
image (1399).JPG,36
image (1035).JPG,4
image (1151).JPG,2
image (365).JPG,6
image (201).JPG,36
image (4286).JPG,6
image (3383).JPG,2
image (4512).JPG,6
image (958).jpg,6
image (1446).JPG,6
image (1522).JPG,6
image (3573).JPG,2
image (38).JPG,6
image (639).JPG,6
image (89).jpg,4
image (595).JPG,6
image (1871).JPG,2
image (1569).JPG,4
image (73).JPG,36
image (3694).JPG,6
image (4559).JPG,26
image (4925).JPG,17
image (913).jpg,6
image (877).jpg,36
image (716).JPG,4
image (672).JPG,2
image (230).JPG,6
image (354).JPG,36
image (1287).JPG,6
image (2320).JPG,36
image (1160).JPG,17
image (1004).JPG,6
image (846).jpg,36
image (4568).JPG,4
image (2883).JPG,6
image (922).jpg,26
image (1558).JPG,2
image (42).JPG,4
image (2637).JPG,26
image (1840).JPG,6
image (643).JPG,36
image (727).JPG,6
image (993).JPG,6
image (1513).JPG,17
image (2718).JPG,2
image (3542).JPG,16
image (1477).JPG,2
image (608).JPG,6
image (931).JPG,6
image (855).JPG,10
image (429).JPG,4
image (785).JPG,17
image (51).jpg,4
image (1986).JPG,36
image (1656).JPG,16
image (2821).JPG,2
image (3763).JPG,2
image (2539).JPG,36
image (2945).JPG,36
image (1732).JPG,2
image (506).JPG,16
image (462).JPG,26
image (4581).JPG,36
image (1779).JPG,26
image (4749).JPG,6
image (223).jpg,4
image (4215).JPG,6
image (1189).JPG,6
image (1225).JPG,29
image (3274).JPG,4
image (1341).JPG,6
image (5287).JPG,6
image (292).JPG,2
image (2065).JPG,29
image (2101).JPG,29
image (268).jpg,6
image (5004).JPG,6
image (175).JPG,36
image (895).JPG,4
image (621).JPG,6
image (91).jpg,17
image (745).JPG,26
image (20).JPG,4
image (1946).JPG,29
image (2731).JPG,29
image (3917).JPG,36
image (1822).JPG,4
image (3873).JPG,6
image (824).jpg,2
image (4976).JPG,6
image (1696).JPG,6
image (1571).JPG,16
image (1869).JPG,10
image (1415).JPG,16
image (1149).JPG,6
image (3118).JPG,6
image (2342).JPG,26
image (387).jpg,29
image (5247).JPG,2
image (4179).JPG,36
image (252).JPG,6
image (336).JPG,16
image (1102).JPG,6
image (3153).JPG,6
image (1066).JPG,2
image (3037).JPG,36
image (219).JPG,6
image (394).JPG,6
image (5381).JPG,10
image (3216).JPG,6
image (1247).JPG,6
image (2128).JPG,26
image (1323).JPG,6
image (117).JPG,2
image (4190).JPG,36
image (2163).JPG,6
image (1368).JPG,36
image (1634).JPG,29
image (1750).JPG,36
image (4760).JPG,6
image (2793).JPG,4
image (82).JPG,4
image (1598).JPG,2
image (953).JPG,6
image (837).JPG,31
image (3582).JPG,6
image (4487).JPG,17
image (564).JPG,2
image (918).JPG,6
image (400).JPG,2
image (1120).jpg,17
image (126).JPG,2
image (1359).JPG,29
image (2036).JPG,2
image (197).jpg,17
image (1191).JPG,36
image (4369).JPG,6
image (5178).JPG,6
image (4322).JPG,2
image (3343).JPG,6
image (1312).JPG,36
image (1276).JPG,26
image (1486).JPG,10
image (431).JPG,2
image (555).JPG,17
image (929).JPG,4
image (4881).JPG,2
image (1761).JPG,6
image (3730).JPG,6
image (2872).JPG,16
image (1605).JPG,6
image (3654).JPG,16
image (806).JPG,6
image (962).JPG,6
image (493).JPG,6
image (3475).JPG,6
image (1858).JPG,2
image (3809).JPG,16
image (1540).JPG,6
image (546).jpg,17
image (1788).JPG,6
image (774).JPG,36
image (815).jpg,17
image (1813).JPG,6
image (2664).JPG,29
image (11).JPG,2
image (1977).JPG,17
image (1057).JPG,2
image (1133).JPG,6
image (4103).JPG,31
image (5359).JPG,10
image (184).JPG,4
image (228).JPG,17
image (4148).JPG,17
image (4380).JPG,16
image (1178).JPG,6
image (307).JPG,29
image (263).JPG,26
image (791).JPG,36
image (925).JPG,4
image (559).JPG,17
image (841).JPG,6
image (2449).JPG,36
image (4716).JPG,29
image (1992).JPG,2
image (512).JPG,16
image (476).JPG,2
image (1470).jpg,29
image (4639).JPG,6
image (2402).JPG,16
image (4595).JPG,4
image (3658).JPG,6
image (2566).JPG,26
image (1231).JPG,6
image (3260).JPG,26
image (1355).JPG,6
image (5293).JPG,4
image (237).jpg,4
image (2396).JPG,2
image (286).JPG,36
image (5010).JPG,6
image (3187).JPG,16
image (4082).JPG,6
image (2115).JPG,26
image (161).JPG,2
image (188).JPG,29
image (224).JPG,4
image (340).JPG,16
image (2334).JPG,26
image (295).jpg,17
image (2250).JPG,4
image (1293).JPG,6
image (5355).JPG,26
image (4144).JPG,2
image (3289).JPG,4
image (3125).JPG,16
image (1174).JPG,6
image (1010).JPG,2
image (56).JPG,36
image (3805).JPG,26
image (1428).JPG,6
image (1854).JPG,6
image (2623).JPG,2
image (4418).JPG,16
image (852).jpg,6
image (657).JPG,6
image (733).JPG,6
image (501).jpg,17
image (1507).JPG,2
image (3556).JPG,2
image (1463).JPG,17
image (778).JPG,4
image (3070).JPG,6
image (1021).JPG,2
image (5083).JPG,2
image (3114).JPG,36
image (1145).JPG,6
image (2186).JPG,26
image (371).JPG,6
image (215).JPG,31
image (2261).JPG,2
image (1452).JPG,6
image (3403).JPG,36
image (1536).JPG,6
image (530).jpg,6
image (2491).JPG,6
image (4462).JPG,4
image (581).JPG,29
image (899).JPG,6
image (749).JPG,6
image (3680).JPG,6
image (4429).JPG,4
image (1419).JPG,6
image (2612).JPG,6
image (3448).JPG,16
image (1865).JPG,6
image (3950).JPG,2
image (1901).JPG,6
image (67).JPG,36
image (702).JPG,6
image (666).JPG,36
image (447).JPG,36
image (523).JPG,6
image (2557).JPG,6
image (2433).JPG,6
image (592).jpg,4
image (1638).JPG,16
image (1594).JPG,6
image (870).JPG,4
image (914).JPG,6
image (568).JPG,2
image (5419).JPG,2
image (4643).JPG,16
image (1717).JPG,36
image (4993).JPG,36
image (2124).JPG,31
image (2288).JPG,2
image (1083).JPG,36
image (398).JPG,29
image (150).JPG,29
image (4230).JPG,26
image (3099).JPG,6
image (362).jpg,6
image (1364).JPG,29
image (1200).JPG,6
image (3251).JPG,6
image (487).JPG,4
image (552).jpg,29
image (4564).JPG,10
image (4400).JPG,6
image (436).jpg,16
image (3461).JPG,4
image (1430).JPG,16
image (1928).JPG,29
image (1554).JPG,36
image (3979).JPG,36
image (760).JPG,2
image (604).JPG,16
image (2670).JPG,36
image (1807).JPG,4
image (1963).JPG,17
image (2714).JPG,4
image (965).jpg,26
image (4837).JPG,2
image (3786).JPG,6
image (4073).JPG,6
image (5229).JPG,17
image (1043).JPG,17
image (3012).JPG,29
image (1127).JPG,6
image (3176).JPG,10
image (358).JPG,36
image (190).JPG,17
image (1008).JPG,2
image (2203).JPG,36
image (3059).JPG,6
image (2367).JPG,2
image (5306).JPG,4
image (313).JPG,6
image (277).JPG,2
image (132).JPG,4
image (4219).JPG,6
image (5127).JPG,6
image (2146).JPG,6
image (2022).JPG,10
image (1229).JPG,6
image (179).JPG,29
image (1306).JPG,16
image (1262).JPG,6
image (264).jpg,4
image (5008).JPG,2
image (4252).JPG,4
image (4336).JPG,2
image (1492).JPG,6
image (2451).JPG,6
image (425).JPG,6
image (859).JPG,6
image (541).JPG,16
image (789).JPG,17
image (4895).JPG,36
image (1775).JPG,4
image (3724).JPG,16
image (1611).JPG,4
image (3990).JPG,6
image (4745).JPG,6
image (773).jpg,17
image (812).JPG,6
image (976).JPG,6
image (148).JPG,36
image (380).JPG,2
image (2290).JPG,16
image (3202).JPG,6
image (2058).JPG,16
image (1253).JPG,29
image (103).JPG,10
image (4184).JPG,6
image (3081).JPG,2
image (5072).JPG,6
image (742).jpg,2
image (4774).JPG,6
image (96).JPG,26
image (2857).JPG,6
image (1620).JPG,29
image (1744).JPG,2
image (892).jpg,2
image (823).JPG,36
image (697).JPG,2
image (5401).JPG,17
image (3596).JPG,36
image (570).JPG,29
image (414).JPG,6
image (868).JPG,16
image (85).jpg,6
image (635).JPG,6
image (751).JPG,29
image (881).JPG,2
image (599).JPG,6
image (2991).JPG,6
image (4962).JPG,17
image (1682).JPG,26
image (34).JPG,10
image (1952).JPG,6
image (3903).JPG,2
image (1565).JPG,6
image (3948).JPG,2
image (3450).JPG,16
image (1401).JPG,6
image (4929).JPG,6
image (3698).JPG,36
image (1395).JPG,2
image (246).JPG,6
image (322).JPG,17
image (1088).jpg,29
image (1116).JPG,29
image (1072).JPG,6
image (2279).JPG,6
image (369).JPG,16
image (3393).JPG,6
image (375).JPG,4
image (211).JPG,2
image (1025).JPG,6
image (3074).JPG,16
image (1141).JPG,4
image (1389).JPG,16
image (1094).jpg,4
image (706).JPG,10
image (662).JPG,6
image (3684).JPG,29
image (4549).JPG,4
image (3830).JPG,2
image (63).JPG,2
image (1905).JPG,4
image (2772).JPG,6
image (3954).JPG,36
image (1579).JPG,29
image (585).JPG,10
image (629).JPG,36
image (1456).JPG,2
image (28).JPG,16
image (3563).JPG,6
image (1532).JPG,2
image (2964).JPG,17
image (1713).JPG,6
image (1677).JPG,6
image (408).JPG,6
image (874).JPG,36
image (910).JPG,36
image (1758).JPG,29
image (2553).JPG,17
image (2437).JPG,16
image (1590).JPG,17
image (1888).JPG,29
image (1839).jpg,6
image (443).JPG,6
image (527).JPG,2
image (3331).JPG,6
image (1360).JPG,26
image (3255).JPG,2
image (1204).JPG,4
image (154).JPG,10
image (2120).JPG,26
image (5389).JPG,6
image (2044).JPG,10
image (5025).JPG,6
image (1087).JPG,16
image (3494).JPG,2
image (4759).JPG,2
image (4591).JPG,16
image (2562).JPG,6
image (516).JPG,6
image (472).JPG,2
image (2831).JPG,6
image (1722).JPG,6
image (2955).JPG,26
image (2529).JPG,4
image (724).jpg,6
image (4712).JPG,2
image (1996).JPG,6
image (4676).JPG,6
image (795).JPG,26
image (921).JPG,36
image (439).JPG,2
image (845).JPG,36
image (165).JPG,16
image (282).JPG,2
image (1128).jpg,26
image (1235).JPG,17
image (3300).JPG,2
image (1351).JPG,26
image (357).jpg,26
image (1199).JPG,26
image (4024).JPG,6
image (1170).JPG,29
image (1014).JPG,29
image (4388).JPG,6
image (1309).jpg,2
image (2254).JPG,6
image (1297).JPG,16
image (220).JPG,2
image (344).JPG,6
image (618).JPG,6
image (4457).JPG,2
image (979).jpg,29
image (3552).JPG,6
image (19).JPG,2
image (1503).JPG,36
image (983).JPG,2
image (653).JPG,36
image (737).JPG,4
image (52).JPG,6
image (3965).JPG,10
image (1548).JPG,26
image (1850).JPG,2
image (1780).JPG,6
image (4860).JPG,6
image (2893).JPG,29
image (4578).JPG,2
image (2017).JPG,29
image (4180).JPG,6
image (1378).JPG,2
image (3085).JPG,6
image (1101).jpg,17
image (107).JPG,4
image (4267).JPG,26
image (1257).JPG,36
image (5391).JPG,4
image (1333).JPG,2
image (384).JPG,29
image (1572).jpg,2
image (908).JPG,4
image (574).JPG,17
image (410).JPG,10
image (2464).JPG,2
image (2818).JPG,4
image (4497).JPG,17
image (2500).JPG,6
image (943).JPG,26
image (827).JPG,2
image (693).JPG,2
image (23).jpg,2
image (1890).JPG,6
image (4770).JPG,2
image (1588).JPG,2
image (92).JPG,6
image (622).jpg,6
image (2853).JPG,29
image (1624).JPG,36
image (1740).JPG,6
image (1561).JPG,26
image (1405).JPG,2
image (3828).JPG,6
image (1879).JPG,29
image (4435).JPG,17
image (4849).JPG,6
image (567).jpg,6
image (448).jpg,4
image (834).jpg,17
image (4802).JPG,6
image (1686).JPG,4
image (2721).JPG,26
image (1956).JPG,6
image (30).JPG,2
image (3863).JPG,16
image (2645).JPG,36
image (631).JPG,17
image (755).JPG,6
image (885).JPG,36
image (209).JPG,6
image (2319).JPG,6
image (1112).JPG,4
image (1076).JPG,16
image (4046).JPG,6
image (4122).JPG,2
image (242).JPG,29
image (326).JPG,6
image (1391).JPG,29
image (5257).JPG,4
image (1159).JPG,17
image (397).jpg,10
image (3852).JPG,6
image (1803).JPG,17
image (2710).JPG,17
image (961).jpg,6
image (764).JPG,10
image (600).JPG,2
image (4560).JPG,6
image (2593).JPG,6
image (432).jpg,10
image (1434).JPG,16
image (1848).JPG,36
image (1550).JPG,2
image (1485).jpg,6
image (483).JPG,6
image (317).JPG,6
image (273).JPG,2
image (2207).JPG,6
image (4390).JPG,6
image (1168).JPG,2
image (3295).JPG,4
image (238).JPG,36
image (194).JPG,2
image (5349).JPG,6
image (1047).JPG,16
image (1123).JPG,2
image (1302).JPG,2
image (1266).JPG,29
image (3237).JPG,10
image (260).jpg,16
image (1181).JPG,31
image (1349).JPG,36
image (2142).JPG,10
image (136).JPG,26
image (1130).jpg,6
image (12).jpg,6
image (816).JPG,4
image (972).JPG,36
image (1771).JPG,6
image (4891).JPG,10
image (1615).JPG,6
image (4625).JPG,6
image (4741).JPG,4
image (421).JPG,17
image (939).JPG,4
image (545).JPG,29
image (1496).JPG,17
image (3186).JPG,2
image (2070).JPG,2
image (2114).JPG,4
image (4083).JPG,36
image (160).JPG,16
image (1002).jpg,26
image (1230).JPG,6
image (236).jpg,17
image (4200).JPG,2
image (287).JPG,29
image (513).JPG,6
image (477).JPG,17
image (1608).JPG,2
image (790).JPG,29
image (924).JPG,6
image (558).JPG,6
image (840).JPG,6
image (3776).JPG,16
image (1727).JPG,2
image (4673).JPG,6
image (1993).JPG,6
image (4452).JPG,26
image (464).jpg,6
image (1506).JPG,2
image (3557).JPG,36
image (1462).JPG,6
image (2669).JPG,17
image (779).JPG,4
image (1931).JPG,2
image (57).JPG,2
image (2622).JPG,2
image (4865).JPG,4
image (1785).JPG,17
image (986).JPG,29
image (656).JPG,6
image (732).JPG,2
image (173).jpg,36
image (3288).JPG,6
image (1175).JPG,2
image (3040).JPG,6
image (1011).JPG,6
image (189).JPG,6
image (225).JPG,29
image (341).JPG,2
image (1292).JPG,6
image (5354).JPG,36
image (2099).JPG,6
image (1418).JPG,6
image (4784).JPG,6
image (2613).JPG,26
image (3951).JPG,10
image (66).JPG,6
image (703).JPG,36
image (667).JPG,26
image (1661).jpg,4
image (1453).JPG,6
image (3402).JPG,6
image (1537).JPG,2
image (3566).JPG,17
image (4463).JPG,16
image (580).JPG,6
image (898).JPG,6
image (748).JPG,6
image (370).JPG,17
image (214).JPG,29
image (3396).JPG,4
image (2260).JPG,16
image (4293).JPG,29
image (1091).jpg,6
image (1020).JPG,36
image (3115).JPG,17
image (1144).JPG,6
image (4174).JPG,16
image (4010).JPG,6
image (1365).JPG,6
image (3334).JPG,4
image (1201).JPG,6
image (3250).JPG,10
image (1078).jpg,6
image (2041).JPG,17
image (5020).JPG,16
image (5144).JPG,36
image (2289).JPG,2
image (1082).JPG,6
image (1033).jpg,26
image (399).JPG,2
image (151).JPG,29
image (871).JPG,36
image (915).JPG,36
image (569).JPG,17
image (75).jpg,4
image (4642).JPG,6
image (3897).JPG,29
image (4726).JPG,2
image (2961).JPG,2
image (3623).JPG,17
image (2479).JPG,2
image (4992).JPG,4
image (1672).JPG,36
image (446).JPG,2
image (522).JPG,16
image (2556).JPG,36
image (2432).JPG,6
image (3668).JPG,36
image (1639).JPG,4
image (1595).JPG,2
image (4609).JPG,16
image (1009).JPG,2
image (4395).JPG,6
image (312).JPG,6
image (276).JPG,4
image (4116).JPG,6
image (2081).JPG,29
image (1042).JPG,6
image (2249).JPG,2
image (1126).JPG,6
image (359).JPG,6
image (191).JPG,6
image (761).JPG,6
image (605).JPG,26
image (4682).JPG,17
image (1962).JPG,2
image (4952).JPG,17
image (800).jpg,4
image (4836).JPG,6
image (3787).JPG,36
image (486).JPG,6
image (4565).JPG,6
image (1431).JPG,2
image (1929).JPG,36
image (4894).JPG,6
image (1774).JPG,4
image (3725).JPG,29
image (1610).JPG,6
image (616).jpg,10
image (4744).JPG,6
image (3489).JPG,6
image (813).JPG,2
image (977).JPG,2
image (739).jpg,17
image (1493).JPG,16
image (2450).JPG,29
image (424).JPG,29
image (858).JPG,4
image (540).JPG,36
image (788).JPG,6
image (178).JPG,2
image (3356).JPG,26
image (1307).JPG,16
image (1263).JPG,2
image (4253).JPG,6
image (5009).JPG,17
image (133).JPG,10
image (1184).JPG,29
image (4218).JPG,31
image (5126).JPG,2
image (2147).JPG,2
image (2023).JPG,6
image (3279).JPG,16
image (1228).JPG,6
image (3597).JPG,4
image (571).JPG,6
image (415).JPG,6
image (869).JPG,36
image (743).jpg,17
image (97).JPG,16
image (1745).JPG,2
image (946).JPG,6
image (822).JPG,17
image (696).JPG,2
image (102).JPG,6
image (4185).JPG,36
image (3248).JPG,4
image (1219).JPG,4
image (5117).JPG,2
image (3080).JPG,4
image (4229).JPG,16
image (149).JPG,6
image (381).JPG,2
image (330).jpg,29
image (2291).JPG,6
image (2059).JPG,6
image (1252).JPG,36
image (1336).JPG,16
image (1117).JPG,6
image (1073).JPG,6
image (3022).JPG,26
image (2278).JPG,6
image (4043).JPG,29
image (111).jpg,6
image (368).JPG,10
image (1394).JPG,36
image (2357).JPG,6
image (1038).JPG,16
image (392).jpg,36
image (247).JPG,29
image (323).JPG,2
image (1564).JPG,29
image (3451).JPG,36
image (1400).JPG,2
image (4430).JPG,4
image (750).JPG,2
image (880).JPG,6
image (598).JPG,2
image (831).jpg,4
image (1683).JPG,6
image (35).JPG,26
image (1953).JPG,4
image (2724).JPG,2
image (2640).JPG,6
image (1837).JPG,2
image (584).JPG,2
image (628).JPG,4
image (3406).JPG,26
image (1457).JPG,2
image (29).JPG,6
image (3562).JPG,2
image (2738).JPG,29
image (1533).JPG,10
image (535).jpg,6
image (451).jpg,6
image (4467).JPG,6
image (707).JPG,2
image (663).JPG,16
image (902).jpg,2
image (4548).JPG,6
image (866).jpg,6
image (4850).JPG,36
image (1860).JPG,6
image (4780).JPG,2
image (62).JPG,6
image (1904).JPG,6
image (1578).JPG,29
image (1024).JPG,2
image (3075).JPG,6
image (1140).JPG,4
image (5086).JPG,29
image (1388).JPG,6
image (5).jpg,10
image (3392).JPG,2
image (2300).JPG,4
image (374).JPG,6
image (210).JPG,36
image (155).JPG,6
image (248).jpg,6
image (1086).JPG,6
image (1361).JPG,2
image (4199).JPG,6
image (1759).JPG,6
image (3708).JPG,2
image (597).jpg,6
image (2436).JPG,4
image (1889).JPG,26
image (4769).JPG,4
image (442).JPG,17
image (526).JPG,17
image (4646).JPG,6
image (714).jpg,10
image (3893).JPG,29
image (1712).JPG,17
image (2801).JPG,6
image (4996).JPG,6
image (409).JPG,4
image (875).JPG,2
image (911).JPG,2
image (283).JPG,2
image (1129).jpg,29
image (1350).JPG,26
image (2393).JPG,6
image (4204).JPG,6
image (164).JPG,16
image (5171).JPG,6
image (279).jpg,4
image (2074).JPG,6
image (2110).JPG,2
image (4087).JPG,36
image (1647).JPG,36
image (2830).JPG,4
image (991).jpg,4
image (2954).JPG,2
image (489).jpg,36
image (1997).JPG,4
image (794).JPG,4
image (40).jpg,4
image (920).JPG,4
image (438).JPG,26
image (844).JPG,2
image (4590).JPG,16
image (3739).JPG,36
image (517).JPG,6
image (473).JPG,4
image (982).JPG,6
image (652).JPG,6
image (736).JPG,6
image (3518).JPG,6
image (53).JPG,17
image (1935).JPG,2
image (1549).JPG,2
image (2626).JPG,6
image (3800).JPG,6
image (1781).JPG,4
image (933).jpg,6
image (2892).JPG,36
image (4905).JPG,6
image (4579).JPG,16
image (619).JPG,17
image (4456).JPG,16
image (4532).JPG,16
image (2709).JPG,29
image (3553).JPG,36
image (18).JPG,36
image (1502).JPG,6
image (3437).JPG,17
image (1466).JPG,26
image (5234).JPG,6
image (5350).JPG,29
image (1296).JPG,17
image (221).JPG,26
image (345).JPG,36
image (4025).JPG,6
image (1171).JPG,10
image (1015).JPG,36
image (3044).JPG,2
image (942).JPG,6
image (826).JPG,6
image (22).jpg,10
image (692).JPG,26
image (1891).JPG,10
image (1589).JPG,2
image (4615).JPG,6
image (93).JPG,6
image (1625).JPG,2
image (69).jpg,4
image (909).JPG,6
image (575).JPG,6
image (411).JPG,29
image (2465).JPG,16
image (5158).JPG,26
image (4266).JPG,6
image (1256).JPG,6
image (1332).JPG,2
image (2139).JPG,4
image (385).JPG,4
image (1379).JPG,2
image (2172).JPG,6
image (5113).JPG,10
image (3084).JPG,6
image (106).JPG,2
image (243).JPG,4
image (327).JPG,17
image (3109).JPG,4
image (1158).JPG,36
image (208).JPG,2
image (1113).JPG,36
image (3026).JPG,16
image (1077).JPG,6
image (4967).JPG,2
image (31).JPG,6
image (681).jpg,31
image (3862).JPG,6
image (2644).JPG,2
image (1833).JPG,17
image (630).JPG,36
image (754).JPG,36
image (884).JPG,16
image (1560).JPG,2
image (1404).JPG,6
image (3829).JPG,6
image (3455).JPG,36
image (4848).JPG,2
image (239).JPG,6
image (195).JPG,6
image (4112).JPG,36
image (4076).JPG,36
image (1046).JPG,6
image (1122).JPG,6
image (316).JPG,36
image (272).JPG,6
image (2206).JPG,6
image (1169).JPG,36
image (3294).JPG,17
image (4159).JPG,6
image (4561).JPG,16
image (557).jpg,29
image (433).jpg,2
image (4405).JPG,6
image (1799).JPG,6
image (1435).JPG,4
image (3818).JPG,29
image (1849).JPG,2
image (3500).JPG,6
image (5497).JPG,6
image (1484).jpg,2
image (482).JPG,4
image (1966).JPG,2
image (4686).JPG,16
image (960).jpg,6
image (765).JPG,6
image (601).JPG,6
image (420).JPG,17
image (938).JPG,4
image (544).JPG,6
image (58).jpg,4
image (659).jpg,29
image (1497).JPG,6
image (491).jpg,17
image (2530).JPG,6
image (2454).JPG,2
image (989).jpg,29
image (817).JPG,2
image (973).JPG,10
image (3721).JPG,16
image (1770).JPG,4
image (1614).JPG,36
image (4740).JPG,2
image (5046).JPG,16
image (1180).JPG,6
image (1348).JPG,6
image (3319).JPG,2
image (2143).JPG,16
image (2027).JPG,10
image (137).JPG,16
image (1303).JPG,36
image (2108).JPG,2
image (1267).JPG,6
image (5169).JPG,2
image (646).JPG,6
image (996).JPG,4
image (843).jpg,4
image (1795).JPG,6
image (2756).JPG,36
image (47).JPG,6
image (1921).JPG,29
image (1845).JPG,2
image (3468).JPG,2
image (793).jpg,17
image (1439).JPG,17
image (769).JPG,2
image (3547).JPG,6
image (1516).JPG,6
image (1472).JPG,2
image (474).jpg,6
image (5220).JPG,2
image (2089).JPG,17
image (1282).JPG,16
image (284).jpg,6
image (2325).JPG,17
image (2241).JPG,10
image (235).JPG,10
image (351).JPG,29
image (199).JPG,4
image (1165).JPG,17
image (1001).JPG,2
image (3298).JPG,36
image (1291).jpg,2
image (297).JPG,10
image (342).jpg,26
image (2387).JPG,6
image (226).jpg,4
image (1220).JPG,6
image (1344).JPG,17
image (170).JPG,6
image (4093).JPG,36
image (2104).JPG,6
image (2690).JPG,6
image (4663).JPG,6
image (2824).JPG,6
image (2458).JPG,4
image (1737).JPG,2
image (548).JPG,16
image (934).JPG,6
image (850).JPG,16
image (780).JPG,6
image (1618).JPG,17
image (3649).JPG,6
image (4584).JPG,36
image (3481).JPG,6
image (4628).JPG,2
image (503).JPG,36
image (467).JPG,29
image (141).JPG,6
image (389).JPG,6
image (1023).jpg,2
image (2).JPG,6
image (5030).JPG,6
image (1092).JPG,4
image (5154).JPG,2
image (338).jpg,2
image (2135).JPG,4
image (3324).JPG,16
image (1375).JPG,6
image (3240).JPG,4
image (3088).JPG,36
image (4345).JPG,4
image (4619).JPG,17
image (1585).JPG,16
image (2546).JPG,6
image (1629).JPG,6
image (2422).JPG,10
image (532).JPG,6
image (1662).JPG,6
image (2815).JPG,2
image (2469).JPG,6
image (700).jpg,6
image (3887).JPG,2
image (861).JPG,17
image (579).JPG,2
image (905).JPG,10
image (758).JPG,36
image (590).JPG,2
image (888).JPG,4
image (4517).JPG,2
image (3412).JPG,6
image (1443).JPG,6
image (3576).JPG,6
image (1527).JPG,6
image (713).JPG,2
image (677).JPG,6
image (3825).JPG,2
image (76).JPG,6
image (1910).JPG,36
image (2767).JPG,16
image (3941).JPG,4
image (916).jpg,26
image (4920).JPG,26
image (4844).JPG,6
image (4438).JPG,36
image (1030).JPG,6
image (1154).JPG,36
image (3105).JPG,2
image (1081).jpg,2
image (2270).JPG,6
image (4283).JPG,2
image (2314).JPG,16
image (5211).JPG,6
image (360).JPG,2
image (204).JPG,4
image (798).JPG,6
image (848).JPG,6
image (434).JPG,6
image (550).JPG,4
image (1483).JPG,10
image (729).jpg,6
image (803).JPG,6
image (3981).JPG,36
image (3499).JPG,2
image (2913).JPG,26
image (1764).JPG,29
image (2877).JPG,2
image (1238).JPG,6
image (1194).JPG,6
image (5136).JPG,6
image (1125).jpg,2
image (1041).jpg,4
image (123).JPG,2
image (1289).jpg,17
image (5019).JPG,17
image (275).jpg,4
image (1317).JPG,29
image (1273).JPG,2
image (2078).JPG,6
image (168).JPG,2
image (181).JPG,29
image (349).JPG,10
image (3003).JPG,36
image (2259).JPG,36
image (5194).JPG,6
image (1052).JPG,4
image (3167).JPG,6
image (1136).JPG,6
image (2091).JPG,16
image (130).jpg,26
image (302).JPG,6
image (266).JPG,16
image (1019).JPG,17
image (1421).JPG,26
image (3968).JPG,6
image (5483).JPG,2
image (1939).JPG,16
image (4575).JPG,16
image (4411).JPG,6
image (427).jpg,6
image (496).JPG,6
image (508).jpg,4
image (3923).JPG,36
image (1972).JPG,36
image (14).JPG,6
image (2705).JPG,2
image (771).JPG,2
image (615).JPG,6
image (257).JPG,26
image (1099).jpg,4
image (333).JPG,16
image (382).jpg,17
image (1028).JPG,4
image (1384).JPG,2
image (378).JPG,2
image (4053).JPG,29
image (101).jpg,26
image (1107).JPG,16
image (2268).JPG,2
image (1063).JPG,36
image (1943).JPG,6
image (25).JPG,16
image (1827).JPG,6
image (2650).JPG,29
image (1693).JPG,29
image (4973).JPG,6
image (890).JPG,6
image (588).JPG,26
image (94).jpg,26
image (624).JPG,6
image (740).JPG,29
image (4420).JPG,2
image (3689).JPG,4
image (3959).JPG,6
image (3525).JPG,29
image (1908).JPG,6
image (1410).JPG,29
image (686).JPG,10
image (956).JPG,6
image (832).JPG,2
image (1631).JPG,29
image (1755).JPG,4
image (1885).JPG,2
image (4765).JPG,6
image (4601).JPG,2
image (87).JPG,29
image (637).jpg,17
image (561).JPG,6
image (879).JPG,6
image (405).JPG,2
image (2471).JPG,2
image (1242).JPG,29
image (1326).JPG,2
image (4316).JPG,6
image (391).JPG,6
image (159).JPG,6
image (4239).JPG,2
image (2002).JPG,6
image (2166).JPG,16
image (112).JPG,2
image (1070).jpg,17
image (1114).jpg,26
image (1371).JPG,17
image (1215).JPG,36
image (3244).JPG,17
image (4341).JPG,6
image (6).JPG,2
image (258).jpg,4
image (5150).JPG,10
image (1096).JPG,29
image (2131).JPG,6
image (2055).JPG,6
image (145).JPG,6
image (1027).jpg,36
image (865).JPG,6
image (419).JPG,6
image (901).JPG,36
image (2975).JPG,17
image (1666).JPG,6
image (4732).JPG,6
image (452).JPG,29
image (536).JPG,36
image (1581).JPG,36
image (1899).JPG,6
image (2542).JPG,26
image (2426).JPG,29
image (2607).JPG,2
image (1568).JPG,2
image (72).JPG,2
image (3695).JPG,6
image (4924).JPG,2
image (4840).JPG,2
image (717).JPG,2
image (673).JPG,2
image (2484).JPG,6
image (4513).JPG,2
image (959).jpg,29
image (1447).JPG,16
image (3416).JPG,6
image (1523).JPG,17
image (689).jpg,6
image (39).JPG,2
image (88).jpg,17
image (638).JPG,2
image (594).JPG,6
image (364).JPG,6
image (200).JPG,29
image (2274).JPG,4
image (3382).JPG,2
image (156).jpg,4
image (1398).JPG,29
image (4004).JPG,4
image (3065).JPG,29
image (1034).JPG,4
image (1150).JPG,2
image (1512).JPG,29
image (3427).JPG,36
image (4446).JPG,16
image (609).JPG,4
image (1791).JPG,2
image (4915).JPG,2
image (1559).JPG,6
image (3974).JPG,2
image (1925).JPG,16
image (43).JPG,36
image (3508).JPG,4
image (1841).JPG,36
image (642).JPG,17
image (726).JPG,10
image (992).JPG,6
image (1161).JPG,31
image (4399).JPG,16
image (1005).JPG,4
image (231).JPG,29
image (355).JPG,2
image (5224).JPG,2
image (1286).JPG,16
image (4097).JPG,6
image (1016).jpg,6
image (174).JPG,4
image (4214).JPG,36
image (1188).JPG,2
image (1224).JPG,6
image (3275).JPG,26
image (293).JPG,17
image (507).JPG,36
image (463).JPG,6
image (3729).JPG,4
image (4898).JPG,6
image (1778).JPG,26
image (3485).JPG,16
image (930).JPG,6
image (854).JPG,36
image (428).JPG,16
image (784).JPG,6
image (50).jpg,29
image (735).jpg,6
image (4667).JPG,4
image (981).jpg,26
image (1657).JPG,29
image (1733).JPG,2
image (2944).JPG,2
image (105).jpg,4
image (1103).JPG,6
image (2308).JPG,36
image (1067).JPG,16
image (218).JPG,2
image (1148).JPG,36
image (2227).JPG,6
image (1380).JPG,6
image (5322).JPG,6
image (253).JPG,4
image (337).JPG,2
image (4540).JPG,36
image (3521).JPG,6
image (1570).JPG,16
image (1414).JPG,4
image (894).JPG,2
image (620).JPG,2
image (744).JPG,6
image (21).JPG,6
image (1947).JPG,6
image (1823).JPG,6
image (2654).JPG,29
image (2984).JPG,2
image (2809).JPG,29
image (2511).JPG,6
image (565).JPG,6
image (919).JPG,6
image (401).JPG,17
image (79).jpg,29
image (1635).JPG,4
image (3664).JPG,36
image (1751).JPG,6
image (2926).JPG,6
image (83).JPG,4
image (4605).JPG,4
image (2792).JPG,31
image (1599).JPG,26
image (682).JPG,6
image (952).JPG,6
image (836).JPG,6
image (116).JPG,6
image (2006).JPG,6
image (3338).JPG,36
image (2162).JPG,17
image (1369).JPG,29
image (395).JPG,29
image (1246).JPG,17
image (2129).JPG,6
image (3373).JPG,6
image (1322).JPG,36
image (324).jpg,4
image (4312).JPG,29
image (4276).JPG,16
image (3985).JPG,6
image (766).jpg,10
image (4880).JPG,26
image (1760).JPG,2
image (1604).JPG,26
image (4598).JPG,36
image (807).JPG,2
image (963).JPG,29
image (999).jpg,4
image (1487).JPG,26
image (430).JPG,26
image (554).JPG,6
image (928).JPG,16
image (4247).JPG,26
image (1313).JPG,26
image (1277).JPG,6
image (1045).jpg,4
image (127).JPG,6
image (3309).JPG,6
image (1358).JPG,2
image (2037).JPG,6
image (1190).JPG,29
image (5056).JPG,6
image (4149).JPG,4
image (2216).JPG,36
image (1179).JPG,2
image (306).JPG,4
image (262).JPG,10
image (1056).JPG,4
image (1132).JPG,4
image (298).jpg,17
image (2095).JPG,16
image (4102).JPG,4
image (4066).JPG,2
image (185).JPG,6
image (229).JPG,2
image (611).JPG,6
image (4822).JPG,6
image (814).jpg,6
image (1812).JPG,29
image (3843).JPG,10
image (10).JPG,16
image (1976).JPG,26
image (2701).JPG,6
image (3927).JPG,2
image (492).JPG,6
image (3474).JPG,2
image (1859).JPG,36
image (1541).JPG,6
image (4415).JPG,2
image (308).JPG,2
image (4147).JPG,10
image (1177).JPG,29
image (3126).JPG,29
image (1013).JPG,36
image (2218).JPG,4
image (227).JPG,2
image (343).JPG,4
image (2337).JPG,36
image (1058).JPG,17
image (2253).JPG,26
image (3009).JPG,36
image (5232).JPG,2
image (1290).JPG,6
image (466).jpg,4
image (1978).JPG,4
image (1504).JPG,6
image (1460).JPG,6
image (1933).JPG,36
image (55).JPG,17
image (2744).JPG,29
image (1857).JPG,4
image (1787).JPG,6
image (984).JPG,2
image (654).JPG,2
image (730).JPG,6
image (511).JPG,17
image (475).JPG,6
image (809).JPG,36
image (768).jpg,6
image (2919).JPG,6
image (2565).JPG,6
image (792).JPG,2
image (926).JPG,36
image (842).JPG,2
image (1641).JPG,6
image (3610).JPG,29
image (2952).JPG,6
image (1725).JPG,26
image (3774).JPG,2
image (4715).JPG,4
image (1489).JPG,36
image (4671).JPG,36
image (5177).JPG,2
image (4249).JPG,4
image (5013).JPG,10
image (3228).JPG,6
image (2072).JPG,6
image (1279).JPG,2
image (162).JPG,2
image (198).jpg,6
image (2039).JPG,6
image (3263).JPG,4
image (1232).JPG,6
image (1356).JPG,36
image (2395).JPG,6
image (285).JPG,6
image (129).JPG,6
image (873).JPG,6
image (917).JPG,4
image (4640).JPG,6
image (2963).JPG,6
image (2807).JPG,6
image (3621).JPG,6
image (444).JPG,26
image (838).JPG,6
image (520).JPG,6
image (2554).JPG,36
image (591).jpg,4
image (759).jpg,4
image (205).jpg,29
image (5069).JPG,2
image (3336).JPG,6
image (1367).JPG,2
image (3252).JPG,6
image (1203).JPG,6
image (118).JPG,6
image (2127).JPG,2
image (2043).JPG,6
image (1248).JPG,16
image (1080).JPG,29
image (1155).jpg,4
image (1031).jpg,17
image (153).JPG,36
image (372).JPG,36
image (216).JPG,6
image (5367).JPG,6
image (3394).JPG,6
image (4059).JPG,10
image (1069).JPG,6
image (3038).JPG,36
image (339).JPG,10
image (1093).jpg,6
image (1022).JPG,2
image (388).jpg,2
image (2229).JPG,26
image (3073).JPG,36
image (1146).JPG,26
image (3117).JPG,2
image (140).jpg,4
image (2185).JPG,4
image (4786).JPG,36
image (1866).JPG,26
image (64).JPG,36
image (701).JPG,2
image (665).JPG,29
image (3564).JPG,36
image (3918).JPG,36
image (1535).JPG,26
image (582).JPG,29
image (1305).JPG,29
image (3354).JPG,36
image (1261).JPG,2
image (3230).JPG,2
image (131).JPG,29
image (1053).jpg,2
image (1186).JPG,36
image (2145).JPG,6
image (1776).JPG,4
image (2865).JPG,6
image (1612).JPG,26
image (770).jpg,2
image (15).jpg,2
image (811).JPG,6
image (975).JPG,2
image (509).JPG,17
image (1989).JPG,6
image (1491).JPG,29
image (1659).JPG,6
image (426).JPG,6
image (542).JPG,10
image (763).JPG,16
image (607).JPG,36
image (1478).JPG,2
image (1804).JPG,2
image (3429).JPG,6
image (4680).JPG,6
image (4448).JPG,2
image (4834).JPG,17
image (728).JPG,6
image (484).JPG,6
image (4567).JPG,16
image (4403).JPG,16
image (849).jpg,17
image (1433).JPG,31
image (2638).JPG,36
image (1557).JPG,2
image (2364).JPG,29
image (3292).JPG,2
image (5261).JPG,2
image (310).JPG,4
image (274).JPG,6
image (1288).JPG,29
image (4070).JPG,36
image (3175).JPG,4
image (1124).JPG,17
image (193).JPG,4
image (719).JPG,6
image (1566).JPG,16
image (3537).JPG,4
image (1402).JPG,4
image (404).jpg,4
image (878).jpg,26
image (636).JPG,2
image (752).JPG,17
image (4479).JPG,10
image (4805).JPG,4
image (37).JPG,2
image (1449).JPG,6
image (1835).JPG,6
image (4289).JPG,6
image (1115).JPG,10
image (1071).JPG,2
image (4041).JPG,2
image (1396).JPG,4
image (5334).JPG,2
image (2355).JPG,10
image (5098).JPG,2
image (2231).JPG,2
image (245).JPG,17
image (321).JPG,2
image (100).JPG,4
image (4187).JPG,6
image (2010).JPG,6
image (379).jpg,4
image (3082).JPG,26
image (1385).jpg,2
image (1029).jpg,29
image (383).JPG,6
image (4304).JPG,6
image (2293).JPG,6
image (1098).JPG,29
image (8).JPG,6
image (1250).JPG,26
image (5396).JPG,4
image (1334).JPG,6
image (2463).JPG,6
image (573).JPG,26
image (417).JPG,6
image (4777).JPG,2
image (1897).JPG,2
image (625).jpg,2
image (4613).JPG,16
image (95).JPG,2
image (1623).JPG,10
image (944).JPG,29
image (538).JPG,26
image (820).JPG,16
image (24).jpg,2
image (694).JPG,6
image (2550).JPG,2
image (2434).JPG,6
image (2848).JPG,6
image (2798).JPG,4
image (89).JPG,2
image (38).jpg,29
image (688).JPG,6
image (440).JPG,29
image (958).JPG,4
image (524).JPG,10
image (4644).JPG,4
image (3589).JPG,36
image (4720).JPG,6
image (1710).JPG,16
image (877).JPG,6
image (913).JPG,2
image (157).JPG,6
image (1328).JPG,6
image (3379).JPG,6
image (5026).JPG,6
image (5142).JPG,17
image (1084).JPG,4
image (365).jpg,4
image (4353).JPG,6
image (1363).JPG,2
image (2168).JPG,2
image (3332).JPG,6
image (1207).JPG,6
image (3256).JPG,36
image (1026).JPG,6
image (2349).JPG,6
image (5084).JPG,2
image (1142).JPG,26
image (5328).JPG,36
image (4016).JPG,6
image (259).JPG,2
image (3390).JPG,6
image (2266).JPG,2
image (2302).JPG,6
image (4295).JPG,6
image (1109).JPG,31
image (376).JPG,16
image (212).JPG,36
image (586).JPG,2
image (3878).JPG,4
image (1455).JPG,36
image (3404).JPG,2
image (1829).JPG,4
image (1531).JPG,4
image (3560).JPG,4
image (4501).JPG,4
image (537).jpg,29
image (4819).JPG,2
image (705).JPG,16
image (661).JPG,2
image (418).jpg,36
image (2615).JPG,36
image (2771).JPG,2
image (60).JPG,2
image (2333).JPG,6
image (1138).JPG,36
image (1294).JPG,2
image (223).JPG,6
image (347).JPG,6
image (4143).JPG,6
image (1173).JPG,29
image (1017).JPG,29
image (268).JPG,6
image (498).JPG,36
image (980).JPG,6
image (650).JPG,2
image (734).JPG,16
image (51).JPG,6
image (1937).JPG,29
image (3802).JPG,4
image (2624).JPG,29
image (1853).JPG,6
image (1783).JPG,4
image (4454).JPG,36
image (1500).JPG,16
image (3849).JPG,6
image (1464).JPG,4
image (3435).JPG,6
image (1818).JPG,6
image (3614).JPG,36
image (1645).JPG,6
image (2832).JPG,2
image (1721).JPG,6
image (643).jpg,6
image (4675).JPG,6
image (796).JPG,4
image (922).JPG,29
image (846).JPG,6
image (5464).JPG,2
image (608).jpg,4
image (2405).JPG,29
image (2879).JPG,4
image (969).JPG,4
image (515).JPG,6
image (471).JPG,31
image (281).JPG,16
image (1236).JPG,36
image (1352).JPG,2
image (2159).JPG,2
image (4362).JPG,2
image (230).jpg,4
image (2391).JPG,2
image (166).JPG,2
image (1004).jpg,29
image (3180).JPG,6
image (1319).JPG,6
image (2112).JPG,2
image (4085).JPG,10
image (3348).JPG,17
image (4801).JPG,6
image (1685).JPG,4
image (4965).JPG,6
image (4519).JPG,36
image (33).JPG,17
image (1831).JPG,6
image (3860).JPG,2
image (632).JPG,2
image (756).JPG,2
image (886).JPG,29
image (2769).JPG,6
image (78).JPG,17
image (1406).JPG,2
image (400).jpg,6
image (679).JPG,26
image (241).JPG,4
image (325).JPG,6
image (2199).JPG,4
image (1392).JPG,36
image (2351).JPG,26
image (2235).JPG,6
image (1111).JPG,6
image (1075).JPG,2
image (4121).JPG,36
image (2297).JPG,6
image (1254).JPG,17
image (1330).JPG,6
image (387).JPG,29
image (1149).jpg,17
image (4183).JPG,16
image (2014).JPG,4
image (1066).jpg,17
image (104).JPG,6
image (940).JPG,6
image (458).JPG,17
image (824).JPG,6
image (20).jpg,17
image (690).JPG,16
image (4773).JPG,2
image (745).jpg,6
image (91).JPG,4
image (1627).JPG,36
image (2850).JPG,2
image (3676).JPG,2
image (1743).JPG,10
image (577).JPG,29
image (413).JPG,29
image (1708).JPG,29
image (4738).JPG,2
image (3889).JPG,6
image (3591).JPG,29
image (5044).JPG,2
image (2389).JPG,4
image (2025).JPG,6
image (135).JPG,2
image (299).JPG,29
image (1133).jpg,4
image (1057).jpg,26
image (1301).JPG,4
image (1265).JPG,6
image (422).JPG,2
image (546).JPG,36
image (5437).JPG,6
image (1495).JPG,36
image (1739).JPG,6
image (2532).JPG,2
image (469).JPG,6
image (815).JPG,29
image (971).JPG,6
image (1772).JPG,6
image (4892).JPG,26
image (2861).JPG,6
image (4742).JPG,6
image (2888).JPG,36
image (4563).JPG,36
image (431).jpg,10
image (1437).JPG,29
image (49).JPG,6
image (1553).JPG,17
image (648).JPG,6
image (998).JPG,4
image (480).JPG,2
image (1800).JPG,2
image (1518).JPG,6
image (962).jpg,4
image (767).JPG,6
image (603).JPG,6
image (197).JPG,2
image (4110).JPG,6
image (2087).JPG,26
image (1044).JPG,6
image (3015).JPG,6
image (1120).JPG,17
image (314).JPG,29
image (270).JPG,4
image (2204).JPG,6
image (1499).JPG,6
image (2692).JPG,6
image (4705).JPG,6
image (4661).JPG,16
image (657).jpg,6
image (2826).JPG,4
image (1735).JPG,6
image (2942).JPG,2
image (936).JPG,6
image (852).JPG,6
image (782).JPG,17
image (2411).JPG,26
image (778).jpg,6
image (501).JPG,6
image (819).JPG,6
image (465).JPG,4
image (139).JPG,4
image (295).JPG,2
image (224).jpg,4
image (1222).JPG,17
image (2029).JPG,4
image (5280).JPG,2
image (172).JPG,6
image (1269).JPG,2
image (5167).JPG,2
image (3194).JPG,36
image (5222).JPG,10
image (1280).JPG,2
image (5346).JPG,2
image (3019).JPG,4
image (1048).JPG,4
image (237).JPG,16
image (353).JPG,6
image (3136).JPG,26
image (1167).JPG,6
image (2208).JPG,2
image (1003).JPG,6
image (5269).JPG,26
image (161).jpg,36
image (318).JPG,29
image (644).JPG,6
image (720).JPG,6
image (994).JPG,2
image (841).jpg,6
image (1797).JPG,2
image (4913).JPG,17
image (45).JPG,17
image (3816).JPG,2
image (2630).JPG,2
image (791).jpg,6
image (1514).JPG,17
image (3939).JPG,6
image (3545).JPG,4
image (1470).JPG,36
image (3421).JPG,6
image (4440).JPG,6
image (4524).JPG,26
image (150).jpg,6
image (4166).JPG,2
image (4002).JPG,26
image (2195).JPG,2
image (2239).JPG,6
image (1032).JPG,6
image (1156).JPG,2
image (329).JPG,36
image (2272).JPG,31
image (1079).JPG,29
image (4281).JPG,16
image (362).JPG,26
image (206).JPG,6
image (592).JPG,10
image (2482).JPG,16
image (4969).JPG,2
image (4471).JPG,36
image (447).jpg,4
image (1441).JPG,10
image (1525).JPG,2
image (1959).JPG,29
image (711).JPG,2
image (675).JPG,2
image (2601).JPG,31
image (1876).JPG,2
image (74).JPG,6
image (1912).JPG,6
image (914).jpg,17
image (4922).JPG,16
image (870).jpg,29
image (2544).JPG,6
image (899).jpg,36
image (581).jpg,29
image (828).JPG,6
image (454).JPG,2
image (530).JPG,36
image (1704).JPG,6
image (1660).JPG,4
image (666).jpg,17
image (3885).JPG,29
image (67).jpg,4
image (863).JPG,4
image (907).JPG,6
image (143).JPG,6
image (1021).jpg,4
image (5032).JPG,2
image (1090).JPG,2
image (1258).JPG,2
image (2053).JPG,2
image (108).JPG,17
image (1377).JPG,6
image (1213).JPG,36
image (2018).JPG,6
image (4223).JPG,17
image (1423).JPG,36
image (3516).JPG,6
image (1547).JPG,17
image (4577).JPG,6
image (425).jpg,4
image (494).JPG,4
image (1492).jpg,2
image (738).JPG,17
image (4824).JPG,31
image (4458).JPG,6
image (3795).JPG,6
image (3845).JPG,6
image (1468).JPG,4
image (16).JPG,4
image (773).JPG,2
image (617).JPG,17
image (183).JPG,16
image (1050).JPG,17
image (3001).JPG,29
image (1134).JPG,17
image (3165).JPG,2
image (132).jpg,6
image (2093).JPG,2
image (1298).JPG,6
image (300).JPG,31
image (264).JPG,2
image (3282).JPG,36
image (5271).JPG,6
image (2210).JPG,6
image (2374).JPG,2
image (2155).JPG,17
image (2031).JPG,2
image (1196).JPG,2
image (5050).JPG,16
image (5134).JPG,2
image (121).JPG,2
image (1271).JPG,17
image (436).JPG,6
image (552).JPG,4
image (2526).JPG,36
image (1649).JPG,6
image (2442).JPG,17
image (4679).JPG,6
image (1481).JPG,2
image (801).JPG,10
image (519).JPG,2
image (965).JPG,2
image (4632).JPG,6
image (3983).JPG,2
image (4756).JPG,6
image (1766).JPG,6
image (4886).JPG,36
image (2875).JPG,16
image (2409).JPG,6
image (1240).JPG,2
image (3375).JPG,29
image (1324).JPG,4
image (1088).JPG,36
image (322).jpg,4
image (4314).JPG,36
image (393).JPG,17
image (110).JPG,6
image (684).JPG,4
image (528).JPG,36
image (954).JPG,29
image (830).JPG,29
image (2844).JPG,2
image (1633).JPG,36
image (599).jpg,6
image (1757).JPG,17
image (751).jpg,36
image (1887).JPG,6
image (4767).JPG,36
image (85).JPG,6
image (563).JPG,36
image (407).JPG,6
image (3585).JPG,6
image (4480).JPG,6
image (27).JPG,4
image (3408).JPG,2
image (1825).JPG,17
image (1459).JPG,6
image (823).jpg,6
image (4469).JPG,6
image (892).JPG,29
image (626).JPG,4
image (742).JPG,36
image (414).jpg,17
image (1576).JPG,6
image (709).JPG,4
image (255).JPG,2
image (331).JPG,6
image (2345).JPG,2
image (380).jpg,17
image (1386).JPG,6
image (4135).JPG,10
image (1105).JPG,6
image (1061).JPG,2
image (3030).JPG,26
image (366).JPG,16
image (202).JPG,26
image (2276).JPG,36
image (1119).JPG,2
image (2312).JPG,36
image (249).JPG,10
image (154).jpg,2
image (5338).JPG,6
image (4162).JPG,10
image (4006).JPG,2
image (1036).JPG,4
image (3067).JPG,16
image (1152).JPG,6
image (2359).JPG,36
image (5094).JPG,36
image (2605).JPG,36
image (1872).JPG,4
image (3823).JPG,4
image (1916).JPG,2
image (70).JPG,36
image (4842).JPG,4
image (715).JPG,6
image (2486).JPG,26
image (1839).JPG,17
image (1445).JPG,6
image (3868).JPG,6
image (1521).JPG,6
image (596).JPG,17
image (63).jpg,4
image (867).JPG,4
image (903).JPG,6
image (1700).JPG,4
image (3635).JPG,36
image (662).jpg,16
image (4654).JPG,6
image (450).JPG,4
image (534).JPG,2
image (948).JPG,6
image (698).JPG,36
image (99).JPG,17
image (5445).JPG,6
image (1583).JPG,36
image (1373).JPG,6
image (1217).JPG,16
image (4227).JPG,6
image (4343).JPG,6
image (5119).JPG,6
image (4).JPG,6
image (5036).JPG,16
image (1094).JPG,4
image (5152).JPG,16
image (4308).JPG,6
image (1338).JPG,6
image (147).JPG,4
image (505).JPG,6
image (979).JPG,6
image (461).JPG,26
image (2869).JPG,16
image (2415).JPG,29
image (3487).JPG,36
image (932).JPG,2
image (856).JPG,6
image (786).JPG,2
image (52).jpg,17
image (1985).JPG,16
image (983).jpg,17
image (1731).JPG,2
image (3760).JPG,29
image (2102).JPG,6
image (1309).JPG,2
image (4339).JPG,16
image (5007).JPG,17
image (1014).jpg,4
image (176).JPG,16
image (5128).JPG,2
image (2381).JPG,29
image (3277).JPG,17
image (1226).JPG,36
image (2149).JPG,2
image (1342).JPG,6
image (291).JPG,2
image (278).JPG,16
image (1163).JPG,6
image (1007).JPG,36
image (233).JPG,6
image (357).JPG,26
image (4118).JPG,6
image (1284).JPG,6
image (1128).JPG,2
image (282).jpg,26
image (2247).JPG,6
image (3541).JPG,26
image (1510).JPG,16
image (1808).JPG,6
image (1474).JPG,36
image (3859).JPG,6
image (1793).JPG,2
image (2880).JPG,6
image (1927).JPG,26
image (41).JPG,6
image (3976).JPG,6
image (795).jpg,17
image (3812).JPG,6
image (640).JPG,6
image (724).JPG,2
image (488).JPG,6
image (990).JPG,6
image (114).JPG,2
image (5101).JPG,6
image (397).JPG,6
image (1159).jpg,4
image (1320).JPG,36
image (4310).JPG,2
image (3899).JPG,26
image (5416).JPG,2
image (3581).JPG,4
image (1718).JPG,36
image (567).JPG,2
image (403).JPG,2
image (1637).JPG,36
image (1753).JPG,36
image (4763).JPG,6
image (81).JPG,17
image (631).jpg,6
image (680).JPG,29
image (30).jpg,4
image (950).JPG,29
image (834).JPG,6
image (448).JPG,6
image (669).JPG,17
image (1572).JPG,2
image (68).JPG,6
image (2779).JPG,16
image (1416).JPG,4
image (3447).JPG,36
image (896).JPG,2
image (622).JPG,36
image (746).JPG,26
image (1539).JPG,36
image (2732).JPG,16
image (23).JPG,6
image (1945).JPG,6
image (1821).JPG,6
image (4975).JPG,4
image (1101).JPG,6
image (3034).JPG,6
image (1065).JPG,36
image (2225).JPG,36
image (1382).JPG,6
image (251).JPG,6
image (335).JPG,29
image (777).JPG,36
image (613).JPG,36
image (972).jpg,6
image (3791).JPG,6
image (816).jpg,2
image (1508).JPG,36
image (12).JPG,17
image (988).JPG,6
image (490).JPG,6
image (658).JPG,2
image (1427).JPG,26
image (1543).JPG,26
image (59).JPG,4
image (2580).JPG,16
image (5275).JPG,26
image (2370).JPG,6
image (304).JPG,36
image (260).JPG,6
image (1054).JPG,4
image (1130).JPG,6
image (2097).JPG,29
image (136).jpg,17
image (4100).JPG,16
image (187).JPG,6
image (3188).JPG,6
image (4245).JPG,10
image (317).jpg,6
image (1311).JPG,6
image (1275).JPG,6
image (1123).jpg,17
image (289).JPG,6
image (125).JPG,6
image (2151).JPG,6
image (194).jpg,4
image (2035).JPG,6
image (1192).JPG,6
image (5130).JPG,6
image (3987).JPG,2
image (4752).JPG,6
image (2915).JPG,6
image (1762).JPG,2
image (1606).JPG,6
image (2871).JPG,26
image (805).JPG,2
image (479).JPG,4
image (961).JPG,6
image (2522).JPG,2
image (1729).JPG,10
image (1485).JPG,16
image (4719).JPG,2
image (432).JPG,6
image (556).JPG,6
image (173).JPG,36
image (1268).JPG,26
image (3239).JPG,6
image (2063).JPG,4
image (2107).JPG,2
image (138).JPG,36
image (294).JPG,4
image (341).jpg,4
image (225).jpg,26
image (1223).JPG,29
image (1347).JPG,2
image (2410).JPG,6
image (2908).JPG,6
image (500).JPG,2
image (818).JPG,4
image (464).JPG,36
image (1498).JPG,4
image (4704).JPG,16
image (732).jpg,4
image (2693).JPG,10
image (656).jpg,6
image (1980).JPG,6
image (1650).JPG,6
image (1734).JPG,17
image (937).JPG,2
image (853).JPG,6
image (783).JPG,29
image (57).jpg,10
image (3938).JPG,36
image (3544).JPG,6
image (1471).JPG,29
image (4441).JPG,4
image (4959).JPG,6
image (645).JPG,4
image (721).JPG,36
image (995).JPG,6
image (1796).JPG,6
image (558).jpg,4
image (2885).JPG,16
image (44).JPG,6
image (5498).JPG,2
image (3817).JPG,6
image (2631).JPG,6
image (1166).JPG,4
image (3053).JPG,31
image (1002).JPG,6
image (160).jpg,4
image (4156).JPG,6
image (319).JPG,17
image (1281).JPG,2
image (287).jpg,26
image (3018).JPG,17
image (1049).JPG,6
image (236).JPG,2
image (352).JPG,16
image (710).JPG,4
image (674).JPG,6
image (1877).JPG,2
image (2600).JPG,6
image (75).JPG,36
image (3692).JPG,29
image (4923).JPG,16
image (593).JPG,16
image (4514).JPG,36
image (1688).JPG,36
image (446).jpg,6
image (1440).JPG,6
image (3411).JPG,29
image (1524).JPG,36
image (1078).JPG,6
image (2317).JPG,17
image (3385).JPG,10
image (363).JPG,2
image (207).JPG,2
image (5259).JPG,26
image (3062).JPG,29
image (1033).JPG,6
image (3106).JPG,6
image (1157).JPG,36
image (1082).jpg,6
image (328).JPG,2
image (109).JPG,2
image (1376).JPG,6
image (5078).JPG,6
image (370).jpg,6
image (142).JPG,6
image (1144).jpg,4
image (1).JPG,10
image (5157).JPG,6
image (1091).JPG,2
image (1259).JPG,6
image (2052).JPG,6
image (1705).JPG,2
image (2972).JPG,4
image (4651).JPG,29
image (862).JPG,36
image (906).JPG,36
image (1586).JPG,6
image (748).jpg,10
image (580).jpg,17
image (829).JPG,6
image (455).JPG,16
image (531).JPG,2
image (301).JPG,29
image (265).JPG,4
image (178).jpg,4
image (5314).JPG,2
image (5270).JPG,6
image (2211).JPG,2
image (182).JPG,29
image (1051).JPG,36
image (3000).JPG,36
image (1135).JPG,17
image (1299).JPG,29
image (4061).JPG,6
image (4941).JPG,6
image (977).jpg,17
image (813).jpg,4
image (4825).JPG,26
image (3794).JPG,36
image (3438).JPG,29
image (1815).JPG,6
image (2662).JPG,6
image (1469).JPG,2
image (1971).JPG,29
image (17).JPG,6
image (4691).JPG,6
image (772).JPG,17
image (616).JPG,6
image (2629).JPG,29
image (788).jpg,4
image (3473).JPG,6
image (1422).JPG,6
image (3517).JPG,26
image (5480).JPG,4
image (1546).JPG,16
image (540).jpg,4
image (4412).JPG,2
image (495).JPG,2
image (739).JPG,10
image (800).JPG,6
image (518).JPG,16
image (964).JPG,16
image (4633).JPG,6
image (3982).JPG,6
image (3736).JPG,2
image (1603).JPG,29
image (2408).JPG,2
image (553).JPG,6
image (486).jpg,17
image (1998).JPG,2
image (1480).JPG,16
image (4240).JPG,6
image (312).jpg,17
image (4324).JPG,6
image (3345).JPG,4
image (1314).JPG,2
image (3221).JPG,6
image (1270).JPG,6
image (2154).JPG,6
image (1197).JPG,4
image (120).JPG,6
image (562).JPG,6
image (406).JPG,6
image (4649).JPG,2
image (1679).JPG,2
image (4999).JPG,6
image (3628).JPG,6
image (685).JPG,2
image (955).JPG,2
image (831).JPG,2
image (1632).JPG,6
image (2439).JPG,36
image (880).jpg,4
image (1756).JPG,2
image (634).jpg,4
image (2795).JPG,6
image (84).JPG,2
image (4196).JPG,36
image (2001).JPG,2
image (111).JPG,6
image (1117).jpg,16
image (5387).JPG,6
image (1241).JPG,6
image (3374).JPG,10
image (1325).JPG,6
image (1089).JPG,6
image (2282).JPG,6
image (247).jpg,6
image (392).JPG,4
image (1104).JPG,26
image (1060).JPG,36
image (254).JPG,10
image (330).JPG,17
image (2344).JPG,16
image (1387).JPG,6
image (5325).JPG,6
image (869).jpg,4
image (4423).JPG,16
image (415).jpg,6
image (1577).JPG,6
image (3442).JPG,10
image (1413).JPG,6
image (708).JPG,6
image (1940).JPG,16
image (26).JPG,6
image (2737).JPG,6
image (696).jpg,4
image (3409).JPG,10
image (3875).JPG,6
image (1458).JPG,17
image (2983).JPG,2
image (4468).JPG,4
image (946).jpg,36
image (627).JPG,6
image (743).JPG,36
image (1838).JPG,36
image (3415).JPG,6
image (3869).JPG,31
image (1520).JPG,36
image (597).JPG,4
image (1873).JPG,26
image (71).JPG,29
image (4927).JPG,36
image (3696).JPG,26
image (714).JPG,2
image (670).JPG,26
image (248).JPG,6
image (155).jpg,17
image (1037).JPG,2
image (1153).JPG,2
image (3102).JPG,6
image (5095).JPG,2
image (367).JPG,6
image (203).JPG,31
image (1118).JPG,17
image (2313).JPG,16
image (4128).JPG,4
image (5).JPG,6
image (1095).JPG,2
image (3368).JPG,36
image (2132).JPG,6
image (1339).JPG,4
image (146).JPG,4
image (2179).JPG,6
image (1372).JPG,29
image (3247).JPG,6
image (1216).JPG,6
image (4342).JPG,16
image (451).JPG,4
image (535).JPG,10
image (949).JPG,4
image (699).JPG,29
image (1457).jpg,10
image (2789).JPG,36
image (98).JPG,6
image (1582).JPG,6
image (2425).JPG,2
image (62).jpg,2
image (866).JPG,2
image (902).JPG,17
image (1701).JPG,2
image (2812).JPG,4
image (3634).JPG,4
image (663).jpg,4
image (4217).JPG,2
image (1227).JPG,6
image (5285).JPG,6
image (1343).JPG,26
image (290).JPG,29
image (2067).JPG,17
image (4094).JPG,36
image (1308).JPG,6
image (1015).jpg,4
image (177).JPG,6
image (933).JPG,26
image (857).JPG,4
image (787).JPG,6
image (2697).JPG,6
image (736).jpg,6
image (1654).JPG,6
image (2823).JPG,2
image (2947).JPG,10
image (1730).JPG,2
image (3761).JPG,6
image (18).jpg,2
image (504).JPG,36
image (978).JPG,6
image (460).JPG,10
image (2868).JPG,6
image (2414).JPG,36
image (2599).JPG,6
image (2881).JPG,2
image (4916).JPG,2
image (40).JPG,6
image (2751).JPG,17
image (794).jpg,17
image (1842).JPG,4
image (641).JPG,16
image (725).JPG,2
image (489).JPG,4
image (991).JPG,6
image (1511).JPG,6
image (3424).JPG,6
image (1475).JPG,2
image (3858).JPG,2
image (3788).JPG,16
image (4445).JPG,2
image (4521).JPG,4
image (232).JPG,2
image (356).JPG,36
image (1285).JPG,6
image (1129).JPG,36
image (3178).JPG,16
image (2322).JPG,6
image (279).JPG,4
image (1162).JPG,26
image (2369).JPG,2
image (1006).JPG,6
image (4036).JPG,4
image (4152).JPG,2
image (1636).JPG,36
image (2559).JPG,6
image (2925).JPG,36
image (884).jpg,6
image (1752).JPG,17
image (4762).JPG,36
image (1882).JPG,2
image (754).jpg,17
image (4606).JPG,4
image (80).JPG,16
image (681).JPG,26
image (951).JPG,2
image (835).JPG,2
image (449).JPG,2
image (4729).JPG,2
image (5417).JPG,6
image (2476).JPG,17
image (1719).JPG,2
image (566).JPG,6
image (402).JPG,36
image (396).JPG,17
image (1158).jpg,4
image (1245).JPG,36
image (1321).JPG,6
image (3370).JPG,36
image (2286).JPG,6
image (4275).JPG,36
image (115).JPG,6
image (5100).JPG,6
image (5064).JPG,6
image (2340).JPG,2
image (1383).JPG,29
image (2188).JPG,6
image (5321).JPG,17
image (250).JPG,2
image (334).JPG,2
image (4054).JPG,6
image (4130).JPG,26
image (3151).JPG,17
image (1100).JPG,6
image (3035).JPG,6
image (1064).JPG,26
image (897).JPG,16
image (623).JPG,6
image (93).jpg,4
image (747).JPG,2
image (3915).JPG,6
image (1538).JPG,16
image (22).JPG,4
image (1944).JPG,6
image (2733).JPG,31
image (3871).JPG,4
image (1820).JPG,17
image (4508).JPG,16
image (4974).JPG,2
image (1694).JPG,2
image (668).JPG,4
image (1573).JPG,2
image (2778).JPG,2
image (69).JPG,6
image (3522).JPG,2
image (1055).JPG,2
image (3160).JPG,2
image (1131).JPG,26
image (2096).JPG,6
image (137).jpg,4
image (4065).JPG,4
image (186).JPG,6
image (3287).JPG,16
image (5274).JPG,17
image (2215).JPG,26
image (305).JPG,2
image (261).JPG,29
image (1).png,10
image (989).JPG,4
image (491).JPG,6
image (659).JPG,6
image (1426).JPG,29
image (3477).JPG,6
image (58).JPG,10
image (776).JPG,6
image (612).JPG,2
image (817).jpg,6
image (1509).JPG,36
image (13).JPG,6
image (1728).JPG,2
image (4718).JPG,2
image (433).JPG,2
image (557).JPG,6
image (765).jpg,2
image (3732).JPG,2
image (2914).JPG,2
image (3656).JPG,6
image (2870).JPG,6
image (1607).JPG,2
image (478).JPG,4
image (960).JPG,4
image (288).JPG,4
image (124).JPG,29
image (2150).JPG,36
image (2398).JPG,6
image (1193).JPG,16
image (5131).JPG,6
image (316).jpg,2
image (1310).JPG,2
image (3341).JPG,6
image (1932).JPG,6
image (54).JPG,10
image (1856).JPG,29
image (4866).JPG,29
image (1786).JPG,26
image (4902).JPG,6
image (548).jpg,17
image (985).JPG,6
image (655).JPG,2
image (731).JPG,29
image (467).jpg,6
image (4451).JPG,10
image (4535).JPG,6
image (4699).JPG,6
image (3554).JPG,36
image (1505).JPG,29
image (1461).JPG,6
image (226).JPG,10
image (342).JPG,2
image (2336).JPG,6
image (1059).JPG,16
image (1291).JPG,6
image (309).JPG,2
image (5278).JPG,16
image (4022).JPG,4
image (4146).JPG,2
image (1176).JPG,17
image (1012).JPG,2
image (2219).JPG,36
image (3043).JPG,6
image (3262).JPG,26
image (199).jpg,4
image (2038).JPG,6
image (1233).JPG,17
image (1357).JPG,6
image (351).jpg,4
image (4367).JPG,6
image (4203).JPG,29
image (2394).JPG,6
image (284).JPG,26
image (128).JPG,4
image (1278).JPG,4
image (163).JPG,6
image (793).JPG,4
image (927).JPG,4
image (843).JPG,29
image (1640).JPG,6
image (2953).JPG,6
image (1488).JPG,10
image (1990).JPG,26
image (510).JPG,6
image (474).JPG,16
image (808).JPG,2
image (3492).JPG,16
image (3218).JPG,6
image (1249).JPG,6
image (5023).JPG,2
image (1081).JPG,6
image (1030).jpg,29
image (152).JPG,36
image (204).jpg,29
image (5068).JPG,6
image (4232).JPG,4
image (1366).JPG,2
image (2009).JPG,26
image (3253).JPG,4
image (1202).JPG,6
image (119).JPG,2
image (445).JPG,17
image (839).JPG,2
image (521).JPG,6
image (1596).JPG,6
image (872).JPG,2
image (916).JPG,2
image (677).jpg,2
image (3894).JPG,16
image (1715).JPG,6
image (4489).JPG,6
image (3744).JPG,6
image (4991).JPG,6
image (1671).JPG,6
image (2806).JPG,36
image (3401).JPG,6
image (1450).JPG,36
image (3565).JPG,2
image (1948).JPG,6
image (1534).JPG,6
image (4978).JPG,6
image (4460).JPG,17
image (583).JPG,6
image (1629).jpg,2
image (3682).JPG,29
image (3836).JPG,6
image (1903).JPG,2
image (65).JPG,36
image (3952).JPG,2
image (700).JPG,16
image (664).JPG,2
image (338).JPG,6
image (1023).JPG,2
image (3072).JPG,3
image (1147).JPG,29
image (5081).JPG,36
image (5249).JPG,6
image (373).JPG,36
image (217).JPG,36
image (5202).JPG,4
image (2263).JPG,17
image (4290).JPG,6
image (1490).JPG,29
image (496).jpg,4
image (1658).JPG,6
image (427).JPG,2
image (543).JPG,6
image (2900).JPG,6
image (1777).JPG,6
image (771).jpg,6
image (810).JPG,4
image (974).JPG,26
image (508).JPG,36
image (130).JPG,6
image (1136).jpg,4
image (1187).JPG,26
image (349).jpg,36
image (5289).JPG,36
image (2020).JPG,6
image (1304).JPG,16
image (1260).JPG,36
image (1289).JPG,36
image (2082).JPG,36
image (4071).JPG,10
image (1041).JPG,6
image (1125).JPG,4
image (192).JPG,26
image (4396).JPG,10
image (2365).JPG,29
image (311).JPG,36
image (275).JPG,6
image (729).JPG,2
image (485).JPG,6
image (550).jpg,4
image (848).jpg,6
image (1432).JPG,29
image (3463).JPG,2
image (1556).JPG,17
image (762).JPG,6
image (606).JPG,2
image (1479).JPG,16
image (1805).JPG,6
image (3930).JPG,26
image (2716).JPG,17
image (803).jpg,17
image (1397).JPG,6
image (159).jpg,17
image (5099).JPG,2
image (2354).JPG,2
image (244).JPG,26
image (320).JPG,17
image (3145).JPG,6
image (4288).JPG,16
image (1114).JPG,6
image (3021).JPG,6
image (1070).JPG,4
image (4040).JPG,36
image (112).jpg,4
image (637).JPG,6
image (753).JPG,2
image (883).JPG,2
image (832).jpg,36
image (1680).JPG,2
image (3901).JPG,6
image (36).JPG,16
image (1448).JPG,2
image (3865).JPG,36
image (1834).JPG,2
image (718).JPG,36
image (1567).JPG,6
image (1403).JPG,2
image (2608).JPG,2
image (4776).JPG,10
image (1896).JPG,4
image (94).JPG,4
image (624).jpg,4
image (3673).JPG,6
image (1622).JPG,4
image (945).JPG,2
image (539).JPG,36
image (821).JPG,6
image (695).JPG,29
image (3594).JPG,6
image (1574).jpg,6
image (572).JPG,29
image (416).JPG,26
image (382).JPG,6
image (4305).JPG,6
image (1099).JPG,26
image (9).JPG,29
image (257).jpg,6
image (1251).JPG,36
image (3200).JPG,2
image (1335).JPG,6
image (1063).jpg,36
image (101).JPG,36
image (200).jpg,4
image (1362).JPG,36
image (3333).JPG,2
image (2169).JPG,2
image (1206).JPG,2
image (156).JPG,17
image (1329).JPG,4
image (2122).JPG,17
image (3378).JPG,36
image (1085).JPG,29
image (673).jpg,2
image (3588).JPG,6
image (3890).JPG,36
image (4721).JPG,2
image (3740).JPG,2
image (2966).JPG,6
image (1711).JPG,2
image (1675).JPG,26
image (876).JPG,6
image (912).JPG,16
image (2849).JPG,29
image (1592).JPG,2
image (88).JPG,36
image (689).JPG,6
image (441).JPG,6
image (959).JPG,36
image (525).JPG,6
image (704).JPG,17
image (660).JPG,26
image (3686).JPG,6
image (901).jpg,36
image (419).jpg,4
image (1863).JPG,2
image (61).JPG,29
image (1907).JPG,2
image (2770).JPG,29
image (587).JPG,16
image (1454).JPG,36
image (1530).JPG,6
image (4138).JPG,6
image (3391).JPG,17
image (1108).JPG,2
image (377).JPG,17
image (213).JPG,6
image (1027).JPG,2
image (1143).JPG,2
image (5329).JPG,6
image (4173).JPG,2
image (2180).JPG,36
image (258).JPG,6
image (3798).JPG,6
image (4455).JPG,36
image (4829).JPG,4
image (4531).JPG,2
image (507).jpg,29
image (1501).JPG,2
image (3848).JPG,16
image (1465).JPG,4
image (3434).JPG,16
image (1819).JPG,6
image (499).JPG,17
image (981).JPG,36
image (651).JPG,17
image (735).JPG,16
image (3967).JPG,4
image (50).JPG,6
image (1936).JPG,2
image (3803).JPG,6
image (1852).JPG,36
image (1782).JPG,6
image (2891).JPG,17
image (4026).JPG,4
image (3123).JPG,4
image (1016).JPG,36
image (269).JPG,6
image (3168).JPG,6
image (1139).JPG,6
image (5237).JPG,6
image (1295).JPG,6
image (222).JPG,6
image (346).JPG,36
image (167).JPG,6
image (5016).JPG,16
image (2077).JPG,6
image (1318).JPG,6
image (4084).JPG,2
image (2113).JPG,16
image (280).JPG,6
image (1237).JPG,4
image (1353).JPG,29
image (5295).JPG,2
image (2158).JPG,6
image (5139).JPG,2
image (4363).JPG,17
image (4207).JPG,6
image (231).jpg,4
image (2404).JPG,29
image (4593).JPG,16
image (2560).JPG,2
image (968).JPG,6
image (514).JPG,4
image (470).JPG,2
image (1644).JPG,2
image (1720).JPG,36
image (726).jpg,6
image (2687).JPG,6
image (1994).JPG,2
image (4674).JPG,2
image (642).jpg,26
image (797).JPG,26
image (43).jpg,4
image (923).JPG,29
image (847).JPG,2
image (1110).JPG,6
image (1074).JPG,6
image (4044).JPG,26
image (3389).JPG,36
image (240).JPG,6
image (324).JPG,26
image (2198).JPG,36
image (1393).JPG,6
image (79).JPG,17
image (2768).JPG,2
image (1563).JPG,6
image (3456).JPG,16
image (1407).JPG,6
image (678).JPG,6
image (4800).JPG,6
image (952).jpg,36
image (32).JPG,2
image (1528).JPG,6
image (1830).JPG,6
image (1599).jpg,2
image (633).JPG,36
image (757).JPG,6
image (887).JPG,17
image (576).JPG,36
image (412).JPG,17
image (1709).JPG,29
image (2502).JPG,6
image (941).JPG,6
image (459).JPG,4
image (825).JPG,6
image (691).JPG,17
image (4772).JPG,36
image (90).JPG,6
image (2781).JPG,16
image (1626).JPG,16
image (3677).JPG,2
image (1742).JPG,29
image (2015).JPG,2
image (3087).JPG,6
image (218).jpg,36
image (1067).jpg,6
image (105).JPG,26
image (2296).JPG,4
image (4265).JPG,4
image (3204).JPG,2
image (1255).JPG,4
image (3360).JPG,6
image (1331).JPG,6
image (386).JPG,26
image (468).JPG,16
image (814).JPG,6
image (970).JPG,4
image (2904).JPG,6
image (1617).JPG,4
image (775).jpg,6
image (423).JPG,6
image (547).JPG,6
image (1494).JPG,6
image (1738).JPG,36
image (2533).JPG,4
image (492).jpg,4
image (3769).JPG,6
image (1300).JPG,26
image (3235).JPG,6
image (1264).JPG,2
image (3199).JPG,4
image (4330).JPG,31
image (1183).JPG,36
image (229).jpg,4
image (185).jpg,4
image (134).JPG,16
image (298).JPG,2
image (315).JPG,2
image (271).JPG,6
image (3297).JPG,6
image (196).JPG,2
image (127).jpg,17
image (2086).JPG,6
image (1045).JPG,4
image (1121).JPG,4
image (2676).JPG,4
image (1801).JPG,17
image (1965).JPG,4
image (4685).JPG,6
image (3548).JPG,2
image (1519).JPG,2
image (3934).JPG,17
image (4955).JPG,2
image (4529).JPG,6
image (4831).JPG,6
image (807).jpg,17
image (766).JPG,16
image (602).JPG,6
image (2889).JPG,2
image (928).jpg,6
image (4562).JPG,2
image (4406).JPG,6
image (430).jpg,2
image (3467).JPG,2
image (1436).JPG,2
image (2759).JPG,2
image (48).JPG,36
image (649).JPG,6
image (481).JPG,17
